-- phpMyAdmin SQL Dump
-- version 4.8.5
-- https://www.phpmyadmin.net/
--
-- Počítač: mysqldb01.core.ignum.cz
-- Vytvořeno: Úte 17. kvě 2022, 10:21
-- Verze serveru: 5.5.62
-- Verze PHP: 5.5.9-1ubuntu4.25

SET SQL_MODE = "NO_AUTO_VALUE_ON_ZERO";
SET AUTOCOMMIT = 0;
START TRANSACTION;
SET time_zone = "+00:00";


/*!40101 SET @OLD_CHARACTER_SET_CLIENT=@@CHARACTER_SET_CLIENT */;
/*!40101 SET @OLD_CHARACTER_SET_RESULTS=@@CHARACTER_SET_RESULTS */;
/*!40101 SET @OLD_COLLATION_CONNECTION=@@COLLATION_CONNECTION */;
/*!40101 SET NAMES utf8mb4 */;

--
-- Databáze: `vidia_cz2`
--

-- --------------------------------------------------------

--
-- Struktura tabulky `calc_assays`
--

CREATE TABLE `calc_assays` (
  `id` int(11) NOT NULL,
  `assay_short` varchar(10) NOT NULL,
  `assay_name` text NOT NULL,
  `producer` varchar(100) NOT NULL,
  `notice` text NOT NULL,
  `active` varchar(5) NOT NULL,
  `creator` varchar(100) NOT NULL,
  `created_at` int(11) NOT NULL,
  `editor` varchar(100) NOT NULL,
  `edited_at` int(11) NOT NULL
) ENGINE=InnoDB DEFAULT CHARSET=utf8 COMMENT='Nastaveni metod';

--
-- Vypisuji data pro tabulku `calc_assays`
--

INSERT INTO `calc_assays` (`id`, `assay_short`, `assay_name`, `producer`, `notice`, `active`, `creator`, `created_at`, `editor`, `edited_at`) VALUES
(1, 'BBG', 'ELISA-VIDITEST anti-Borrelia recombinant IgG + VlsE (CSF)', '', 'Borrelie IgG', 'ANO', 'Andrš Tomáš', 2147483647, 'admin', 1536669886),
(2, 'BBM', 'ELISA-VIDITEST anti-Borrelia recombinant IgM (CSF)', '', 'Borrelie IgM', 'ANO', 'Andrš Tomáš', 2147483647, 'admin', 1536669890),
(3, 'CMVG', 'ELISA-VIDITEST anti-CMV IgG (CSF)', '', 'CMV IgG', 'ANO', 'Andrš Tomáš', 2147483647, 'admin', 1536669894),
(4, 'HHV6G', 'ELISA-VIDITEST anti-HHV-6 IgG (CSF)', '', 'HHV6 IgG', 'ANO', 'Andrš Tomáš', 2147483647, 'admin', 1582193069),
(5, 'HSVG', 'ELISA-VIDITEST anti-HSV 1+2 IgG (CSF)', '', 'HSV 1,2 IgG', 'ANO', 'Andrš Tomáš', 2147483647, 'admin', 1536669899),
(6, 'TBEVG', 'ELISA-VIDITEST anti-TBEV IgG (CSF)', '', 'TBEV IgG', 'ANO', 'Andrš Tomáš', 2147483647, 'admin', 1629966771),
(7, 'VCAG', 'ELISA-VIDITEST anti-VCA EBV IgG (CSF)', '', 'VCA IgG', 'ANO', 'Andrš Tomáš', 2147483647, 'admin', 1536669927),
(8, 'VZVG', 'ELISA-VIDITEST anti-VZV IgG (CSF)', '', 'VZV IgG', 'ANO', 'Andrš Tomáš', 2147483647, 'admin', 1536669930),
(9, 'JCVG', 'ELISA-VIDITEST anti-JCV IgG', '', '', 'ANO', 'admin', 1537177418, 'admin', 1537178424),
(10, 'SARS-S1-A', 'ELISA VIDITEST anti-SARS-CoV-2 (S1) IgA', '', '', 'ANO', 'admin', 1617023521, 'admin', 1618309724),
(11, 'SARS-S1-M', 'ELISA VIDITEST anti-SARS-CoV-2 (S1) IgM', '', '', 'ANO', 'admin', 1617023598, 'admin', 1618309731),
(12, 'SARS-S1-G', 'ELISA VIDITEST anti-SARS-CoV-2 (S1) IgG', '', '', 'ANO', 'admin', 1617023641, 'admin', 1618309738),
(13, 'SARS-NP-A', 'ELISA VIDITEST anti-SARS-CoV-2 (NP) IgA', '', '', 'ANO', 'admin', 1622192364, '', 0),
(14, 'SARS-NP-M', 'ELISA VIDITEST anti-SARS-CoV-2 (NP) IgM', '', '', 'ANO', 'admin', 1622192396, '', 0),
(15, 'SARS-NP-G', 'ELISA VIDITEST anti-SARS-CoV-2 (NP) IgG', '', '', 'ANO', 'admin', 1622192412, '', 0),
(16, 'SARS-RBD-G', 'ELISA VIDITEST anti-SARS-CoV-2 (RBD) IgG', '', '', 'ANO', 'admin', 1624864986, 'admin', 1624865017),
(17, 'PSAEG', 'ELISA-VIDITEST anti-Pseudomonas aeruginosa IgG', '', '', 'ANO', 'admin', 1652359630, 'admin', 1652359645);

-- --------------------------------------------------------

--
-- Struktura tabulky `calc_reader`
--

CREATE TABLE `calc_reader` (
  `id` int(3) NOT NULL,
  `reader_short` varchar(10) NOT NULL,
  `reader_name` varchar(50) NOT NULL,
  `active` varchar(3) NOT NULL,
  `reader_output` varchar(10) NOT NULL,
  `reader_xls_list` int(2) NOT NULL,
  `reader_data_range` varchar(10) NOT NULL,
  `reader_txt_separator` varchar(10) NOT NULL,
  `path` varchar(255) NOT NULL,
  `notice` text NOT NULL,
  `creator` varchar(100) NOT NULL,
  `created_at` int(11) NOT NULL,
  `editor` varchar(100) NOT NULL,
  `edited_at` int(11) NOT NULL
) ENGINE=InnoDB DEFAULT CHARSET=utf8 COMMENT='Fotometry a jejich nastaveni';

--
-- Vypisuji data pro tabulku `calc_reader`
--

INSERT INTO `calc_reader` (`id`, `reader_short`, `reader_name`, `active`, `reader_output`, `reader_xls_list`, `reader_data_range`, `reader_txt_separator`, `path`, `notice`, `creator`, `created_at`, `editor`, `edited_at`) VALUES
(2, 'demoTXT', 'demo reader (TXT)', 'ANO', 'TXT', 0, '1:1:0', 'pipe', 'D:/Aplikace/Reader/Export/*název souboru*.txt', 'demo reader (TXT)', 'Andrš Tomáš', 2147483647, 'admin', 1562140572),
(3, 'demoXLS', 'demo reader (Excel)', 'ANO', 'XLS', 1, 'A1:L8', 'tab', 'D:/Aplikace/Reader/Export/*název souboru*.xls', 'demo reader (XLS)', 'Andrš Tomáš', 2147483647, 'admin', 1579524802),
(4, 'Multiskan', 'Multiskan FC (FNHK)', 'ANO', 'TXT', 0, '60:2:0', 'tab', 'P:\\05 OSOBNI SLOZKY\\NLP\\virologie\\KALKULAČKY', 'ÚKM FN HK', 'Andrš Tomáš', 2147483647, 'admin', 1570105597),
(5, 'Dynex', 'Dynex reader', 'ANO', 'TXT', 0, '34:2:6', 'comma', '', '', 'admin', 1536575120, 'admin', 1536575499),
(6, 'VD1', 'VidiaReaderTXT', 'ANO', 'TXT', 0, '1:1:0', 'tab', '', 'Fotometr na OTK, textový výstup', 'admin', 1573027193, 'admin', 1573042189),
(7, 'VD2', 'VidiaReaderXLS', 'ANO', 'XLS', 1, 'A1:L8', '', '', 'Import dat z Excel (hodnoty na prvním listu, v buňkách A1:L8)', 'admin', 1573042164, 'admin', 1579524817),
(8, 'Multiskan+', 'Multiskan FC+ (FNHK)', 'ANO', 'TXT', 0, '61:2:0', 'tab', 'P:\\05 OSOBNI SLOZKY\\NLP\\virologie\\KALKULAČKY', 'ÚKM FNHK, Fotometr s inkubátorem (v textovem souboru je o ředek navíc)', 'admin', 1574246310, 'admin', 1574246376);

-- --------------------------------------------------------

--
-- Struktura tabulky `calc_units`
--

CREATE TABLE `calc_units` (
  `id` int(11) NOT NULL,
  `unit_short` varchar(10) NOT NULL,
  `unit_name` text NOT NULL,
  `notice` text NOT NULL,
  `active` varchar(3) NOT NULL,
  `creator` varchar(100) NOT NULL,
  `created_at` int(11) NOT NULL,
  `editor` varchar(100) NOT NULL,
  `edited_at` int(11) NOT NULL
) ENGINE=InnoDB DEFAULT CHARSET=utf8 COMMENT='Nastaveni metod';

--
-- Vypisuji data pro tabulku `calc_units`
--

INSERT INTO `calc_units` (`id`, `unit_short`, `unit_name`, `notice`, `active`, `creator`, `created_at`, `editor`, `edited_at`) VALUES
(1, 'IP', 'Index', 'Kvalitativni hodnota ( Sample / (CAL * kf) )', 'ANO', 'Andrš Tomáš', 2147483647, 'admin', 1536669949),
(2, 'AU', 'AU/ml', 'Kvantitativni arbitrální jednotka', 'ANO', 'Andrš Tomáš', 2147483647, 'admin', 1536669954),
(3, 'VIEU', 'VIEU/ml', 'Kvantitativní arbitrální jednotka', 'ANO', 'Andrš Tomáš', 2147483647, 'admin', 1536669957),
(4, 'mlU', 'mlU/ml', 'Kvantitativni jednotka', 'ANO', 'Andrš Tomáš', 2147483647, 'admin', 1618309778),
(5, 'IU', 'IU/ml', 'Kvantitativni jednotka', 'ANO', 'admin', 1617014694, 'admin', 1618309770);

-- --------------------------------------------------------

--
-- Struktura tabulky `calc_users`
--

CREATE TABLE `calc_users` (
  `id` int(5) NOT NULL COMMENT 'user ID',
  `username` text NOT NULL COMMENT 'user name',
  `login` text NOT NULL COMMENT 'user login',
  `password` text NOT NULL COMMENT 'user password',
  `email` varchar(100) NOT NULL COMMENT 'e-mail',
  `company_name` varchar(255) NOT NULL COMMENT 'company name',
  `address` varchar(255) NOT NULL COMMENT 'adress',
  `ico` varchar(255) NOT NULL COMMENT 'ICO / DIC',
  `gsm` varchar(100) NOT NULL COMMENT 'telephone, GSM',
  `notice` text NOT NULL COMMENT 'notice',
  `role_short` varchar(50) NOT NULL COMMENT 'user role (short)',
  `print_detail` varchar(5) NOT NULL COMMENT 'print user details to report',
  `view_all_results` varchar(5) NOT NULL,
  `active` varchar(10) NOT NULL COMMENT 'active user (true/false)',
  `creator` varchar(100) NOT NULL COMMENT 'creator name',
  `created_at` int(11) NOT NULL COMMENT 'date of create',
  `editor` varchar(100) NOT NULL COMMENT 'editors name',
  `edited_at` int(11) NOT NULL COMMENT 'date of edit'
) ENGINE=InnoDB DEFAULT CHARSET=utf8;

--
-- Vypisuji data pro tabulku `calc_users`
--

INSERT INTO `calc_users` (`id`, `username`, `login`, `password`, `email`, `company_name`, `address`, `ico`, `gsm`, `notice`, `role_short`, `print_detail`, `view_all_results`, `active`, `creator`, `created_at`, `editor`, `edited_at`) VALUES
(1, 'admin', 'admin', '$2y$10$ciFjEtrgD7pZ7N5RyX200uDExutBlTjmu2cpKiB0m1FgLDb6q9i5W', 'andrsak85@gmail.com', 'Firma', 'Adresa', 'IČO', '724 708 808', '', 'Admin', 'ANO', 'ANO', 'ANO', '', 0, 'admin', 1652360347),
(2, 'demo', 'demo', '$2y$10$fDdDEbnqt3lyA9HXe.Iif.s0yHeDDl2Q/cJKZSjXL0szkj.nJI2Se', 'demo@demo.cz', '', '', '', '', '', 'Klient', 'NE', 'ANO', 'ANO', '', 0, 'admin', 1562140544),
(3, 'ukmvirol', 'ukmvirol', '$2y$10$2sLGb6oFNTDdrtdsZiML4eWpxeX1VLoxNmeueneIwbEsqbg4S37/O', 'miroslav.fajfr@fnhk.cz', 'Ústav klinické mikrobiologie FNHK', 'Sokolská 581, 500 05 Hradec Králové', '', '495 833 149', '', 'Klient', 'ANO', 'ANO', 'ANO', 'admin', 1544699099, 'admin', 1574246447),
(4, '', 'otk', '$2y$10$U6izvqW3TFyNIAB8K7rZsuekFd2CTLPn.F18Zc4lMYjccMP5r1hUG', 'ditrichova@vidia.cz', 'Vidia spol. s r.o.', '', '', '261 090 577', '', 'Klient', 'ANO', 'ANO', 'ANO', 'admin', 1573027454, 'admin', 1576063409),
(5, '', 'servis', '$2y$10$W8nP8GPz98GGxIe3CuSu/O/ulvycXPEiFLHmrTCjKzwr/45WsVxt6', 'servis@vidia.cz', 'Vidia spol. s r.o.', '', '', '', '', 'Admin', 'ANO', 'ANO', 'ANO', 'admin', 1573029014, '', 0),
(6, '', 'imunologia', '$2y$10$pVg7vgqbmCsTdI0LJV7LBOCzQPEASM53X7u4xpe9pda9wsCC7DXHu', 'viliam.kalman@nemocnicapb.sk', 'OKM', 'Nemocničná 986, Považská Bystrica', '', '+421 4304449', '', 'Klient', 'ANO', 'ANO', 'ANO', 'admin', 1580896413, '', 0),
(9, '', 'vtn', '$2y$10$is.92wkxEJJCL37AwCVjLu155zFegS6MYth1UO0f4NWCjtHSrcFdu', 'katerina.matejova@lab.agel.cz', 'LKM Vítkovice', 'Zalužanského 15, Ostrava Vítkovice', '', '', '', 'Klient', 'ANO', 'ANO', 'ANO', 'katerina.matejova@lab.agel.cz', 1582119395, 'vtn', 1582190116),
(14, '', 'admin2', '$2y$10$0FdQWBwlgecUJglw3TblcuvMtDJGROSyD1UuZaS2VOpobPaaek9Lq', 'jaros@vidia.cz', '', '', '', '', '', 'Admin', 'ANO', 'ANO', 'ANO', 'admin', 1597402410, '', 0),
(17, '', 'elisa', '$2y$10$u1DFvcCD28ywKIiPmskNhO2WoD1MgV7Po1akIOg08mCzpByQryGfa', 'andrs@vidia.cz', '', '', '', '', '', 'Klient', 'ANO', '', 'ANO', 'admin', 1622192303, 'admin', 1622192450);

-- --------------------------------------------------------

--
-- Struktura tabulky `calc_users_assays`
--

CREATE TABLE `calc_users_assays` (
  `id` int(11) NOT NULL,
  `users_id` int(11) NOT NULL,
  `assays_id` int(11) NOT NULL,
  `units_id` int(11) NOT NULL,
  `batch` varchar(30) NOT NULL,
  `expiry` varchar(30) NOT NULL,
  `kf_serum` decimal(3,2) NOT NULL,
  `kf_csf` decimal(3,2) NOT NULL,
  `kf_synovia` decimal(3,2) NOT NULL,
  `std_bmax` decimal(4,3) NOT NULL,
  `a1` decimal(4,3) NOT NULL,
  `a2` decimal(4,3) NOT NULL,
  `c` decimal(9,3) NOT NULL,
  `c_min` decimal(3,2) NOT NULL,
  `c_max` decimal(8,1) NOT NULL,
  `ratio_min` decimal(3,2) NOT NULL,
  `ratio_max` decimal(3,2) NOT NULL,
  `serum_ip_min` decimal(6,3) NOT NULL,
  `serum_ip_max` decimal(6,3) NOT NULL,
  `serum_au_min` decimal(6,3) NOT NULL,
  `serum_au_max` decimal(6,3) NOT NULL,
  `serum_mlu_min` decimal(6,3) NOT NULL,
  `serum_mlu_max` decimal(6,3) NOT NULL,
  `serum_vieu_min` decimal(6,3) NOT NULL,
  `serum_vieu_max` decimal(6,3) NOT NULL,
  `serum_iu_min` decimal(6,3) NOT NULL,
  `serum_iu_max` decimal(6,3) NOT NULL,
  `csf_ip_min` decimal(6,3) NOT NULL,
  `csf_ip_max` decimal(6,3) NOT NULL,
  `csf_au_min` decimal(6,3) NOT NULL,
  `csf_au_max` decimal(6,3) NOT NULL,
  `csf_mlu_min` decimal(6,3) NOT NULL,
  `csf_mlu_max` decimal(6,3) NOT NULL,
  `csf_vieu_min` decimal(6,3) NOT NULL,
  `csf_vieu_max` decimal(6,3) NOT NULL,
  `csf_iu_min` decimal(6,3) NOT NULL,
  `csf_iu_max` decimal(6,3) NOT NULL,
  `synovia_ip_min` decimal(6,3) NOT NULL,
  `synovia_ip_max` decimal(6,3) NOT NULL,
  `synovia_au_min` decimal(6,3) NOT NULL,
  `synovia_au_max` decimal(6,3) NOT NULL,
  `synovia_mlu_min` decimal(6,3) NOT NULL,
  `synovia_mlu_max` decimal(6,3) NOT NULL,
  `synovia_vieu_min` decimal(6,3) NOT NULL,
  `synovia_vieu_max` decimal(6,3) NOT NULL,
  `synovia_iu_min` decimal(6,3) NOT NULL,
  `synovia_iu_max` decimal(6,3) NOT NULL,
  `creator` text NOT NULL,
  `created_at` int(11) NOT NULL,
  `editor` text NOT NULL,
  `edited_at` int(11) NOT NULL
) ENGINE=InnoDB DEFAULT CHARSET=utf8;

--
-- Vypisuji data pro tabulku `calc_users_assays`
--

INSERT INTO `calc_users_assays` (`id`, `users_id`, `assays_id`, `units_id`, `batch`, `expiry`, `kf_serum`, `kf_csf`, `kf_synovia`, `std_bmax`, `a1`, `a2`, `c`, `c_min`, `c_max`, `ratio_min`, `ratio_max`, `serum_ip_min`, `serum_ip_max`, `serum_au_min`, `serum_au_max`, `serum_mlu_min`, `serum_mlu_max`, `serum_vieu_min`, `serum_vieu_max`, `serum_iu_min`, `serum_iu_max`, `csf_ip_min`, `csf_ip_max`, `csf_au_min`, `csf_au_max`, `csf_mlu_min`, `csf_mlu_max`, `csf_vieu_min`, `csf_vieu_max`, `csf_iu_min`, `csf_iu_max`, `synovia_ip_min`, `synovia_ip_max`, `synovia_au_min`, `synovia_au_max`, `synovia_mlu_min`, `synovia_mlu_max`, `synovia_vieu_min`, `synovia_vieu_max`, `synovia_iu_min`, `synovia_iu_max`, `creator`, `created_at`, `editor`, `edited_at`) VALUES
(3, 2, 1, 1, 'Šarže', 'Expirace', 0.17, 0.20, 0.25, 0.745, 0.985, 1.011, 817.900, 0.10, 4000.0, 0.90, 3.40, 0.000, 0.000, 0.000, 0.000, 0.000, 0.000, 0.000, 0.000, 0.000, 0.000, 0.000, 0.000, 0.000, 0.000, 0.000, 0.000, 0.000, 0.000, 0.000, 0.000, 0.000, 0.000, 0.000, 0.000, 0.000, 0.000, 0.000, 0.000, 0.000, 0.000, 'admin', 1506519105, 'admin', 1562140544),
(4, 2, 2, 2, '061017', '2019-05', 0.20, 0.12, 0.12, 0.452, 1.064, 1.071, 291.608, 0.04, 800.0, 1.30, 2.60, 0.900, 1.100, 23.000, 32.000, 0.000, 0.000, 0.000, 0.000, 0.000, 0.000, 1.000, 1.400, 0.270, 0.410, 0.000, 0.000, 0.000, 0.000, 0.000, 0.000, 1.000, 1.300, 10.500, 17.000, 0.000, 0.000, 0.000, 0.000, 0.000, 0.000, 'admin', 1506519105, 'admin', 1562140544),
(29, 2, 8, 4, '031117', '2019-06', 0.24, 0.00, 0.00, 0.843, 0.969, 0.920, 713.700, 0.10, 4000.0, 0.80, 2.00, 0.900, 1.100, 0.000, 0.000, 120.000, 150.000, 0.000, 0.000, 0.000, 0.000, 0.000, 0.000, 0.000, 0.000, 0.000, 0.000, 0.000, 0.000, 0.000, 0.000, 0.000, 0.000, 0.000, 0.000, 0.000, 0.000, 0.000, 0.000, 0.000, 0.000, 'admin', 1519385160, 'admin', 1562140544),
(33, 2, 6, 2, 'Šarže', 'Expirace', 0.12, 0.08, 0.00, 0.513, 0.983, 0.987, 159.996, 0.04, 800.0, 1.00, 2.50, 0.900, 1.100, 9.000, 12.000, 0.000, 0.000, 0.000, 0.000, 0.000, 0.000, 0.000, 0.000, 0.000, 0.000, 0.000, 0.000, 0.000, 0.000, 0.000, 0.000, 0.000, 0.000, 0.000, 0.000, 0.000, 0.000, 0.000, 0.000, 0.000, 0.000, 'demo', 1520321576, 'demo', 1579682392),
(34, 2, 3, 2, '030517', '2018-12', 0.15, 0.00, 0.00, 0.600, 1.038, 1.033, 157.877, 0.05, 800.0, 1.00, 2.90, 0.900, 1.100, 12.000, 15.000, 0.000, 0.000, 0.000, 0.000, 0.000, 0.000, 0.000, 0.000, 0.000, 0.000, 0.000, 0.000, 0.000, 0.000, 0.000, 0.000, 0.000, 0.000, 0.000, 0.000, 0.000, 0.000, 0.000, 0.000, 0.000, 0.000, 'demo', 1521194859, 'admin', 1562140544),
(35, 2, 4, 2, '030617', '2019-01', 0.21, 0.00, 0.00, 0.872, 1.014, 1.103, 39.850, 0.02, 200.0, 0.80, 2.20, 0.900, 1.100, 10.500, 12.500, 0.000, 0.000, 0.000, 0.000, 0.000, 0.000, 0.000, 0.000, 0.000, 0.000, 0.000, 0.000, 0.000, 0.000, 0.000, 0.000, 0.000, 0.000, 0.000, 0.000, 0.000, 0.000, 0.000, 0.000, 0.000, 0.000, 'demo', 1521194859, 'admin', 1562140544),
(36, 2, 5, 2, '050116', '2018-08', 0.15, 0.00, 0.00, 0.608, 1.064, 1.043, 168.040, 0.03, 500.0, 0.90, 3.20, 0.900, 1.100, 10.000, 12.000, 0.000, 0.000, 0.000, 0.000, 0.000, 0.000, 0.000, 0.000, 0.000, 0.000, 0.000, 0.000, 0.000, 0.000, 0.000, 0.000, 0.000, 0.000, 0.000, 0.000, 0.000, 0.000, 0.000, 0.000, 0.000, 0.000, 'demo', 1521194859, 'admin', 1562140544),
(37, 2, 7, 2, '030917', '2019-10', 0.25, 0.00, 0.00, 0.651, 1.404, 1.401, 322.120, 0.12, 400.0, 1.00, 2.60, 0.900, 1.100, 30.000, 44.000, 0.000, 0.000, 0.000, 0.000, 0.000, 0.000, 0.000, 0.000, 0.000, 0.000, 0.000, 0.000, 0.000, 0.000, 0.000, 0.000, 0.000, 0.000, 0.000, 0.000, 0.000, 0.000, 0.000, 0.000, 0.000, 0.000, 'demo', 1521194859, 'admin', 1562140544),
(40, 3, 8, 4, '030121/268', '2023-02', 0.22, 0.00, 0.00, 0.658, 1.004, 0.971, 1113.200, 0.10, 4000.0, 0.90, 2.50, 0.900, 1.100, 0.000, 0.000, 120.000, 150.000, 0.000, 0.000, 0.000, 0.000, 0.000, 0.000, 0.000, 0.000, 0.000, 0.000, 0.000, 0.000, 0.000, 0.000, 0.000, 0.000, 0.000, 0.000, 0.000, 0.000, 0.000, 0.000, 0.000, 0.000, 'admin', 1544699099, 'ukmvirol', 1650961452),
(41, 4, 1, 2, 'šarže', 'expirace', 0.15, 0.00, 0.00, 0.670, 1.014, 1.009, 1140.800, 0.10, 800.0, 0.80, 2.70, 0.000, 0.000, 0.000, 0.000, 0.000, 0.000, 0.000, 0.000, 0.000, 0.000, 0.000, 0.000, 0.000, 0.000, 0.000, 0.000, 0.000, 0.000, 0.000, 0.000, 0.000, 0.000, 0.000, 0.000, 0.000, 0.000, 0.000, 0.000, 0.000, 0.000, 'admin', 1573027454, 'admin', 1574246471),
(42, 4, 2, 1, '', '', 0.00, 0.00, 0.00, 0.000, 0.000, 0.000, 0.000, 0.00, 0.0, 0.00, 0.00, 0.000, 0.000, 0.000, 0.000, 0.000, 0.000, 0.000, 0.000, 0.000, 0.000, 0.000, 0.000, 0.000, 0.000, 0.000, 0.000, 0.000, 0.000, 0.000, 0.000, 0.000, 0.000, 0.000, 0.000, 0.000, 0.000, 0.000, 0.000, 0.000, 0.000, 'admin', 1573027454, 'admin', 1574246471),
(43, 4, 3, 2, '', '', 0.00, 0.00, 0.00, 0.000, 0.000, 0.000, 0.000, 0.00, 0.0, 0.00, 0.00, 0.000, 0.000, 0.000, 0.000, 0.000, 0.000, 0.000, 0.000, 0.000, 0.000, 0.000, 0.000, 0.000, 0.000, 0.000, 0.000, 0.000, 0.000, 0.000, 0.000, 0.000, 0.000, 0.000, 0.000, 0.000, 0.000, 0.000, 0.000, 0.000, 0.000, 'admin', 1573027454, 'admin', 1574246471),
(44, 4, 4, 2, '', '', 0.00, 0.00, 0.00, 0.000, 0.000, 0.000, 0.000, 0.00, 0.0, 0.00, 0.00, 0.000, 0.000, 0.000, 0.000, 0.000, 0.000, 0.000, 0.000, 0.000, 0.000, 0.000, 0.000, 0.000, 0.000, 0.000, 0.000, 0.000, 0.000, 0.000, 0.000, 0.000, 0.000, 0.000, 0.000, 0.000, 0.000, 0.000, 0.000, 0.000, 0.000, 'admin', 1573027454, 'admin', 1574246471),
(45, 4, 5, 2, '01-021119', '2022-05', 0.43, 0.00, 0.00, 0.604, 0.946, 0.874, 160.547, 0.10, 800.0, 1.00, 2.10, 0.000, 0.000, 25.000, 55.000, 0.000, 0.000, 0.000, 0.000, 0.000, 0.000, 0.000, 0.000, 0.000, 0.000, 0.000, 0.000, 0.000, 0.000, 0.000, 0.000, 0.000, 0.000, 0.000, 0.000, 0.000, 0.000, 0.000, 0.000, 0.000, 0.000, 'admin', 1573027454, 'otk', 1576064922),
(46, 4, 6, 2, '', '', 0.00, 0.00, 0.00, 0.000, 0.000, 0.000, 0.000, 0.00, 0.0, 0.00, 0.00, 0.000, 0.000, 0.000, 0.000, 0.000, 0.000, 0.000, 0.000, 0.000, 0.000, 0.000, 0.000, 0.000, 0.000, 0.000, 0.000, 0.000, 0.000, 0.000, 0.000, 0.000, 0.000, 0.000, 0.000, 0.000, 0.000, 0.000, 0.000, 0.000, 0.000, 'admin', 1573027454, 'admin', 1574246471),
(47, 4, 7, 2, '', '', 0.00, 0.00, 0.00, 0.000, 0.000, 0.000, 0.000, 0.00, 0.0, 0.00, 0.00, 0.000, 0.000, 0.000, 0.000, 0.000, 0.000, 0.000, 0.000, 0.000, 0.000, 0.000, 0.000, 0.000, 0.000, 0.000, 0.000, 0.000, 0.000, 0.000, 0.000, 0.000, 0.000, 0.000, 0.000, 0.000, 0.000, 0.000, 0.000, 0.000, 0.000, 'admin', 1573027454, 'admin', 1574246471),
(48, 4, 8, 4, '', '', 0.00, 0.00, 0.00, 0.000, 0.000, 0.000, 0.000, 0.00, 0.0, 0.00, 0.00, 0.000, 0.000, 0.000, 0.000, 0.000, 0.000, 0.000, 0.000, 0.000, 0.000, 0.000, 0.000, 0.000, 0.000, 0.000, 0.000, 0.000, 0.000, 0.000, 0.000, 0.000, 0.000, 0.000, 0.000, 0.000, 0.000, 0.000, 0.000, 0.000, 0.000, 'admin', 1573027454, 'admin', 1574246471),
(49, 4, 9, 2, '', '', 0.00, 0.00, 0.00, 0.000, 0.000, 0.000, 0.000, 0.00, 0.0, 0.00, 0.00, 0.000, 0.000, 0.000, 0.000, 0.000, 0.000, 0.000, 0.000, 0.000, 0.000, 0.000, 0.000, 0.000, 0.000, 0.000, 0.000, 0.000, 0.000, 0.000, 0.000, 0.000, 0.000, 0.000, 0.000, 0.000, 0.000, 0.000, 0.000, 0.000, 0.000, 'admin', 1573027454, 'admin', 1574246471),
(50, 5, 1, 2, '', '', 0.00, 0.00, 0.00, 0.000, 0.000, 0.000, 0.000, 0.00, 0.0, 0.00, 0.00, 0.000, 0.000, 0.000, 0.000, 0.000, 0.000, 0.000, 0.000, 0.000, 0.000, 0.000, 0.000, 0.000, 0.000, 0.000, 0.000, 0.000, 0.000, 0.000, 0.000, 0.000, 0.000, 0.000, 0.000, 0.000, 0.000, 0.000, 0.000, 0.000, 0.000, 'admin', 1573029014, '', 0),
(51, 5, 2, 1, '', '', 0.00, 0.00, 0.00, 0.000, 0.000, 0.000, 0.000, 0.00, 0.0, 0.00, 0.00, 0.000, 0.000, 0.000, 0.000, 0.000, 0.000, 0.000, 0.000, 0.000, 0.000, 0.000, 0.000, 0.000, 0.000, 0.000, 0.000, 0.000, 0.000, 0.000, 0.000, 0.000, 0.000, 0.000, 0.000, 0.000, 0.000, 0.000, 0.000, 0.000, 0.000, 'admin', 1573029014, '', 0),
(52, 5, 3, 2, '', '', 0.00, 0.00, 0.00, 0.000, 0.000, 0.000, 0.000, 0.00, 0.0, 0.00, 0.00, 0.000, 0.000, 0.000, 0.000, 0.000, 0.000, 0.000, 0.000, 0.000, 0.000, 0.000, 0.000, 0.000, 0.000, 0.000, 0.000, 0.000, 0.000, 0.000, 0.000, 0.000, 0.000, 0.000, 0.000, 0.000, 0.000, 0.000, 0.000, 0.000, 0.000, 'admin', 1573029014, '', 0),
(53, 5, 4, 2, '', '', 0.00, 0.00, 0.00, 0.000, 0.000, 0.000, 0.000, 0.00, 0.0, 0.00, 0.00, 0.000, 0.000, 0.000, 0.000, 0.000, 0.000, 0.000, 0.000, 0.000, 0.000, 0.000, 0.000, 0.000, 0.000, 0.000, 0.000, 0.000, 0.000, 0.000, 0.000, 0.000, 0.000, 0.000, 0.000, 0.000, 0.000, 0.000, 0.000, 0.000, 0.000, 'admin', 1573029014, '', 0),
(54, 5, 5, 2, '', '', 0.00, 0.00, 0.00, 0.000, 0.000, 0.000, 0.000, 0.00, 0.0, 0.00, 0.00, 0.000, 0.000, 0.000, 0.000, 0.000, 0.000, 0.000, 0.000, 0.000, 0.000, 0.000, 0.000, 0.000, 0.000, 0.000, 0.000, 0.000, 0.000, 0.000, 0.000, 0.000, 0.000, 0.000, 0.000, 0.000, 0.000, 0.000, 0.000, 0.000, 0.000, 'admin', 1573029014, '', 0),
(55, 5, 6, 3, '', '', 0.00, 0.00, 0.00, 0.000, 0.000, 0.000, 0.000, 0.00, 0.0, 0.00, 0.00, 0.000, 0.000, 0.000, 0.000, 0.000, 0.000, 0.000, 0.000, 0.000, 0.000, 0.000, 0.000, 0.000, 0.000, 0.000, 0.000, 0.000, 0.000, 0.000, 0.000, 0.000, 0.000, 0.000, 0.000, 0.000, 0.000, 0.000, 0.000, 0.000, 0.000, 'admin', 1573029014, '', 0),
(56, 5, 7, 2, '', '', 0.00, 0.00, 0.00, 0.000, 0.000, 0.000, 0.000, 0.00, 0.0, 0.00, 0.00, 0.000, 0.000, 0.000, 0.000, 0.000, 0.000, 0.000, 0.000, 0.000, 0.000, 0.000, 0.000, 0.000, 0.000, 0.000, 0.000, 0.000, 0.000, 0.000, 0.000, 0.000, 0.000, 0.000, 0.000, 0.000, 0.000, 0.000, 0.000, 0.000, 0.000, 'admin', 1573029014, '', 0),
(57, 5, 8, 4, '', '', 0.00, 0.00, 0.00, 0.000, 0.000, 0.000, 0.000, 0.00, 0.0, 0.00, 0.00, 0.000, 0.000, 0.000, 0.000, 0.000, 0.000, 0.000, 0.000, 0.000, 0.000, 0.000, 0.000, 0.000, 0.000, 0.000, 0.000, 0.000, 0.000, 0.000, 0.000, 0.000, 0.000, 0.000, 0.000, 0.000, 0.000, 0.000, 0.000, 0.000, 0.000, 'admin', 1573029014, '', 0),
(58, 5, 9, 2, '', '', 0.00, 0.00, 0.00, 0.000, 0.000, 0.000, 0.000, 0.00, 0.0, 0.00, 0.00, 0.000, 0.000, 0.000, 0.000, 0.000, 0.000, 0.000, 0.000, 0.000, 0.000, 0.000, 0.000, 0.000, 0.000, 0.000, 0.000, 0.000, 0.000, 0.000, 0.000, 0.000, 0.000, 0.000, 0.000, 0.000, 0.000, 0.000, 0.000, 0.000, 0.000, 'admin', 1573029014, '', 0),
(59, 6, 1, 2, '040621277', '2023-07', 0.40, 0.00, 0.18, 0.456, 0.978, 0.957, 119.064, 0.04, 800.0, 1.40, 3.30, 0.000, 0.000, 30.000, 40.000, 0.000, 0.000, 0.000, 0.000, 0.000, 0.000, 0.000, 0.000, 0.000, 0.000, 0.000, 0.000, 0.000, 0.000, 0.000, 0.000, 0.000, 0.000, 0.000, 0.000, 0.000, 0.000, 0.000, 0.000, 0.000, 0.000, 'admin', 1580896413, 'imunologia', 1649673566),
(60, 6, 2, 2, '020621329', '2023-08', 0.23, 0.00, 0.14, 0.464, 1.023, 1.023, 242.874, 0.04, 800.0, 1.10, 2.80, 0.000, 0.000, 23.000, 32.000, 0.000, 0.000, 0.000, 0.000, 0.000, 0.000, 0.000, 0.000, 0.000, 0.000, 0.000, 0.000, 0.000, 0.000, 0.000, 0.000, 0.000, 0.000, 0.000, 0.000, 0.000, 0.000, 0.000, 0.000, 0.000, 0.000, 'admin', 1580896413, 'imunologia', 1649674319),
(64, 9, 4, 2, '061118/168', '2020-06', 0.20, 0.20, 0.20, 0.794, 0.978, 1.079, 41.705, 0.02, 200.0, 0.90, 2.40, 0.900, 1.100, 10.500, 12.500, 0.000, 0.000, 0.000, 0.000, 0.000, 0.000, 0.000, 0.000, 0.000, 0.000, 0.000, 0.000, 0.000, 0.000, 0.000, 0.000, 0.000, 0.000, 0.000, 0.000, 0.000, 0.000, 0.000, 0.000, 0.000, 0.000, 'vtn', 1582190116, 'vtn', 1582192358),
(65, 9, 5, 2, '', '', 0.00, 0.00, 0.00, 0.000, 0.000, 0.000, 0.000, 0.00, 0.0, 0.00, 0.00, 0.000, 0.000, 0.000, 0.000, 0.000, 0.000, 0.000, 0.000, 0.000, 0.000, 0.000, 0.000, 0.000, 0.000, 0.000, 0.000, 0.000, 0.000, 0.000, 0.000, 0.000, 0.000, 0.000, 0.000, 0.000, 0.000, 0.000, 0.000, 0.000, 0.000, 'vtn', 1582190116, '', 0),
(101, 14, 1, 2, '', '', 0.00, 0.00, 0.00, 0.000, 0.000, 0.000, 0.000, 0.00, 0.0, 0.00, 0.00, 0.000, 0.000, 0.000, 0.000, 0.000, 0.000, 0.000, 0.000, 0.000, 0.000, 0.000, 0.000, 0.000, 0.000, 0.000, 0.000, 0.000, 0.000, 0.000, 0.000, 0.000, 0.000, 0.000, 0.000, 0.000, 0.000, 0.000, 0.000, 0.000, 0.000, 'admin', 1597402410, '', 0),
(102, 14, 2, 2, '', '', 0.00, 0.00, 0.00, 0.000, 0.000, 0.000, 0.000, 0.00, 0.0, 0.00, 0.00, 0.000, 0.000, 0.000, 0.000, 0.000, 0.000, 0.000, 0.000, 0.000, 0.000, 0.000, 0.000, 0.000, 0.000, 0.000, 0.000, 0.000, 0.000, 0.000, 0.000, 0.000, 0.000, 0.000, 0.000, 0.000, 0.000, 0.000, 0.000, 0.000, 0.000, 'admin', 1597402410, '', 0),
(103, 14, 3, 2, '', '', 0.00, 0.00, 0.00, 0.000, 0.000, 0.000, 0.000, 0.00, 0.0, 0.00, 0.00, 0.000, 0.000, 0.000, 0.000, 0.000, 0.000, 0.000, 0.000, 0.000, 0.000, 0.000, 0.000, 0.000, 0.000, 0.000, 0.000, 0.000, 0.000, 0.000, 0.000, 0.000, 0.000, 0.000, 0.000, 0.000, 0.000, 0.000, 0.000, 0.000, 0.000, 'admin', 1597402410, '', 0),
(104, 14, 4, 2, '', '', 0.00, 0.00, 0.00, 0.000, 0.000, 0.000, 0.000, 0.00, 0.0, 0.00, 0.00, 0.000, 0.000, 0.000, 0.000, 0.000, 0.000, 0.000, 0.000, 0.000, 0.000, 0.000, 0.000, 0.000, 0.000, 0.000, 0.000, 0.000, 0.000, 0.000, 0.000, 0.000, 0.000, 0.000, 0.000, 0.000, 0.000, 0.000, 0.000, 0.000, 0.000, 'admin', 1597402410, '', 0),
(105, 14, 5, 2, '', '', 0.00, 0.00, 0.00, 0.000, 0.000, 0.000, 0.000, 0.00, 0.0, 0.00, 0.00, 0.000, 0.000, 0.000, 0.000, 0.000, 0.000, 0.000, 0.000, 0.000, 0.000, 0.000, 0.000, 0.000, 0.000, 0.000, 0.000, 0.000, 0.000, 0.000, 0.000, 0.000, 0.000, 0.000, 0.000, 0.000, 0.000, 0.000, 0.000, 0.000, 0.000, 'admin', 1597402410, '', 0),
(106, 14, 6, 2, '', '', 0.00, 0.00, 0.00, 0.000, 0.000, 0.000, 0.000, 0.00, 0.0, 0.00, 0.00, 0.000, 0.000, 0.000, 0.000, 0.000, 0.000, 0.000, 0.000, 0.000, 0.000, 0.000, 0.000, 0.000, 0.000, 0.000, 0.000, 0.000, 0.000, 0.000, 0.000, 0.000, 0.000, 0.000, 0.000, 0.000, 0.000, 0.000, 0.000, 0.000, 0.000, 'admin', 1597402410, '', 0),
(107, 14, 7, 2, '', '', 0.00, 0.00, 0.00, 0.000, 0.000, 0.000, 0.000, 0.00, 0.0, 0.00, 0.00, 0.000, 0.000, 0.000, 0.000, 0.000, 0.000, 0.000, 0.000, 0.000, 0.000, 0.000, 0.000, 0.000, 0.000, 0.000, 0.000, 0.000, 0.000, 0.000, 0.000, 0.000, 0.000, 0.000, 0.000, 0.000, 0.000, 0.000, 0.000, 0.000, 0.000, 'admin', 1597402410, '', 0),
(108, 14, 9, 2, '', '', 0.00, 0.00, 0.00, 0.000, 0.000, 0.000, 0.000, 0.00, 0.0, 0.00, 0.00, 0.000, 0.000, 0.000, 0.000, 0.000, 0.000, 0.000, 0.000, 0.000, 0.000, 0.000, 0.000, 0.000, 0.000, 0.000, 0.000, 0.000, 0.000, 0.000, 0.000, 0.000, 0.000, 0.000, 0.000, 0.000, 0.000, 0.000, 0.000, 0.000, 0.000, 'admin', 1597402410, '', 0),
(134, 17, 1, 2, '', '', 0.00, 0.00, 0.00, 0.000, 0.000, 0.000, 0.000, 0.00, 0.0, 0.00, 0.00, 0.000, 0.000, 0.000, 0.000, 0.000, 0.000, 0.000, 0.000, 0.000, 0.000, 0.000, 0.000, 0.000, 0.000, 0.000, 0.000, 0.000, 0.000, 0.000, 0.000, 0.000, 0.000, 0.000, 0.000, 0.000, 0.000, 0.000, 0.000, 0.000, 0.000, 'admin', 1622192450, '', 0),
(135, 17, 2, 2, '', '', 0.00, 0.00, 0.00, 0.000, 0.000, 0.000, 0.000, 0.00, 0.0, 0.00, 0.00, 0.000, 0.000, 0.000, 0.000, 0.000, 0.000, 0.000, 0.000, 0.000, 0.000, 0.000, 0.000, 0.000, 0.000, 0.000, 0.000, 0.000, 0.000, 0.000, 0.000, 0.000, 0.000, 0.000, 0.000, 0.000, 0.000, 0.000, 0.000, 0.000, 0.000, 'admin', 1622192450, '', 0),
(136, 17, 3, 2, '', '', 0.00, 0.00, 0.00, 0.000, 0.000, 0.000, 0.000, 0.00, 0.0, 0.00, 0.00, 0.000, 0.000, 0.000, 0.000, 0.000, 0.000, 0.000, 0.000, 0.000, 0.000, 0.000, 0.000, 0.000, 0.000, 0.000, 0.000, 0.000, 0.000, 0.000, 0.000, 0.000, 0.000, 0.000, 0.000, 0.000, 0.000, 0.000, 0.000, 0.000, 0.000, 'admin', 1622192450, '', 0),
(137, 17, 4, 2, '', '', 0.00, 0.00, 0.00, 0.000, 0.000, 0.000, 0.000, 0.00, 0.0, 0.00, 0.00, 0.000, 0.000, 0.000, 0.000, 0.000, 0.000, 0.000, 0.000, 0.000, 0.000, 0.000, 0.000, 0.000, 0.000, 0.000, 0.000, 0.000, 0.000, 0.000, 0.000, 0.000, 0.000, 0.000, 0.000, 0.000, 0.000, 0.000, 0.000, 0.000, 0.000, 'admin', 1622192450, '', 0),
(138, 17, 5, 2, '', '', 0.00, 0.00, 0.00, 0.000, 0.000, 0.000, 0.000, 0.00, 0.0, 0.00, 0.00, 0.000, 0.000, 0.000, 0.000, 0.000, 0.000, 0.000, 0.000, 0.000, 0.000, 0.000, 0.000, 0.000, 0.000, 0.000, 0.000, 0.000, 0.000, 0.000, 0.000, 0.000, 0.000, 0.000, 0.000, 0.000, 0.000, 0.000, 0.000, 0.000, 0.000, 'admin', 1622192450, '', 0),
(139, 17, 6, 2, '', '', 0.00, 0.00, 0.00, 0.000, 0.000, 0.000, 0.000, 0.00, 0.0, 0.00, 0.00, 0.000, 0.000, 0.000, 0.000, 0.000, 0.000, 0.000, 0.000, 0.000, 0.000, 0.000, 0.000, 0.000, 0.000, 0.000, 0.000, 0.000, 0.000, 0.000, 0.000, 0.000, 0.000, 0.000, 0.000, 0.000, 0.000, 0.000, 0.000, 0.000, 0.000, 'admin', 1622192450, '', 0),
(140, 17, 7, 2, '', '', 0.00, 0.00, 0.00, 0.000, 0.000, 0.000, 0.000, 0.00, 0.0, 0.00, 0.00, 0.000, 0.000, 0.000, 0.000, 0.000, 0.000, 0.000, 0.000, 0.000, 0.000, 0.000, 0.000, 0.000, 0.000, 0.000, 0.000, 0.000, 0.000, 0.000, 0.000, 0.000, 0.000, 0.000, 0.000, 0.000, 0.000, 0.000, 0.000, 0.000, 0.000, 'admin', 1622192450, '', 0),
(141, 17, 8, 2, '', '', 0.00, 0.00, 0.00, 0.000, 0.000, 0.000, 0.000, 0.00, 0.0, 0.00, 0.00, 0.000, 0.000, 0.000, 0.000, 0.000, 0.000, 0.000, 0.000, 0.000, 0.000, 0.000, 0.000, 0.000, 0.000, 0.000, 0.000, 0.000, 0.000, 0.000, 0.000, 0.000, 0.000, 0.000, 0.000, 0.000, 0.000, 0.000, 0.000, 0.000, 0.000, 'admin', 1622192450, '', 0),
(142, 17, 9, 2, '', '', 0.00, 0.00, 0.00, 0.000, 0.000, 0.000, 0.000, 0.00, 0.0, 0.00, 0.00, 0.000, 0.000, 0.000, 0.000, 0.000, 0.000, 0.000, 0.000, 0.000, 0.000, 0.000, 0.000, 0.000, 0.000, 0.000, 0.000, 0.000, 0.000, 0.000, 0.000, 0.000, 0.000, 0.000, 0.000, 0.000, 0.000, 0.000, 0.000, 0.000, 0.000, 'admin', 1622192450, '', 0),
(143, 17, 10, 5, '', '', 0.00, 0.00, 0.00, 0.000, 0.000, 0.000, 0.000, 0.00, 0.0, 0.00, 0.00, 0.000, 0.000, 0.000, 0.000, 0.000, 0.000, 0.000, 0.000, 0.000, 0.000, 0.000, 0.000, 0.000, 0.000, 0.000, 0.000, 0.000, 0.000, 0.000, 0.000, 0.000, 0.000, 0.000, 0.000, 0.000, 0.000, 0.000, 0.000, 0.000, 0.000, 'admin', 1622192450, '', 0),
(144, 17, 11, 5, '', '', 0.00, 0.00, 0.00, 0.000, 0.000, 0.000, 0.000, 0.00, 0.0, 0.00, 0.00, 0.000, 0.000, 0.000, 0.000, 0.000, 0.000, 0.000, 0.000, 0.000, 0.000, 0.000, 0.000, 0.000, 0.000, 0.000, 0.000, 0.000, 0.000, 0.000, 0.000, 0.000, 0.000, 0.000, 0.000, 0.000, 0.000, 0.000, 0.000, 0.000, 0.000, 'admin', 1622192450, '', 0),
(145, 17, 12, 5, '', '', 0.00, 0.00, 0.00, 0.000, 0.000, 0.000, 0.000, 0.00, 0.0, 0.00, 0.00, 0.000, 0.000, 0.000, 0.000, 0.000, 0.000, 0.000, 0.000, 0.000, 0.000, 0.000, 0.000, 0.000, 0.000, 0.000, 0.000, 0.000, 0.000, 0.000, 0.000, 0.000, 0.000, 0.000, 0.000, 0.000, 0.000, 0.000, 0.000, 0.000, 0.000, 'admin', 1622192450, '', 0),
(146, 17, 13, 5, '', '', 0.00, 0.00, 0.00, 0.000, 0.000, 0.000, 0.000, 0.00, 0.0, 0.00, 0.00, 0.000, 0.000, 0.000, 0.000, 0.000, 0.000, 0.000, 0.000, 0.000, 0.000, 0.000, 0.000, 0.000, 0.000, 0.000, 0.000, 0.000, 0.000, 0.000, 0.000, 0.000, 0.000, 0.000, 0.000, 0.000, 0.000, 0.000, 0.000, 0.000, 0.000, 'admin', 1622192450, '', 0),
(147, 17, 14, 5, '', '', 0.00, 0.00, 0.00, 0.000, 0.000, 0.000, 0.000, 0.00, 0.0, 0.00, 0.00, 0.000, 0.000, 0.000, 0.000, 0.000, 0.000, 0.000, 0.000, 0.000, 0.000, 0.000, 0.000, 0.000, 0.000, 0.000, 0.000, 0.000, 0.000, 0.000, 0.000, 0.000, 0.000, 0.000, 0.000, 0.000, 0.000, 0.000, 0.000, 0.000, 0.000, 'admin', 1622192450, '', 0),
(148, 17, 15, 5, '', '', 0.00, 0.00, 0.00, 0.000, 0.000, 0.000, 0.000, 0.00, 0.0, 0.00, 0.00, 0.000, 0.000, 0.000, 0.000, 0.000, 0.000, 0.000, 0.000, 0.000, 0.000, 0.000, 0.000, 0.000, 0.000, 0.000, 0.000, 0.000, 0.000, 0.000, 0.000, 0.000, 0.000, 0.000, 0.000, 0.000, 0.000, 0.000, 0.000, 0.000, 0.000, 'admin', 1622192450, '', 0),
(1941, 1, 1, 2, '', '', 0.00, 0.00, 0.00, 0.000, 0.000, 0.000, 0.000, 0.00, 0.0, 0.00, 0.00, 0.000, 0.000, 0.000, 0.000, 0.000, 0.000, 0.000, 0.000, 0.000, 0.000, 0.000, 0.000, 0.000, 0.000, 0.000, 0.000, 0.000, 0.000, 0.000, 0.000, 0.000, 0.000, 0.000, 0.000, 0.000, 0.000, 0.000, 0.000, 0.000, 0.000, 'admin', 1652360347, '', 0),
(1942, 1, 2, 2, '', '', 0.00, 0.00, 0.00, 0.000, 0.000, 0.000, 0.000, 0.00, 0.0, 0.00, 0.00, 0.000, 0.000, 0.000, 0.000, 0.000, 0.000, 0.000, 0.000, 0.000, 0.000, 0.000, 0.000, 0.000, 0.000, 0.000, 0.000, 0.000, 0.000, 0.000, 0.000, 0.000, 0.000, 0.000, 0.000, 0.000, 0.000, 0.000, 0.000, 0.000, 0.000, 'admin', 1652360347, '', 0),
(1943, 1, 3, 2, '', '', 0.00, 0.00, 0.00, 0.000, 0.000, 0.000, 0.000, 0.00, 0.0, 0.00, 0.00, 0.000, 0.000, 0.000, 0.000, 0.000, 0.000, 0.000, 0.000, 0.000, 0.000, 0.000, 0.000, 0.000, 0.000, 0.000, 0.000, 0.000, 0.000, 0.000, 0.000, 0.000, 0.000, 0.000, 0.000, 0.000, 0.000, 0.000, 0.000, 0.000, 0.000, 'admin', 1652360347, '', 0),
(1944, 1, 4, 2, '', '', 0.00, 0.00, 0.00, 0.000, 0.000, 0.000, 0.000, 0.00, 0.0, 0.00, 0.00, 0.000, 0.000, 0.000, 0.000, 0.000, 0.000, 0.000, 0.000, 0.000, 0.000, 0.000, 0.000, 0.000, 0.000, 0.000, 0.000, 0.000, 0.000, 0.000, 0.000, 0.000, 0.000, 0.000, 0.000, 0.000, 0.000, 0.000, 0.000, 0.000, 0.000, 'admin', 1652360347, '', 0),
(1945, 1, 5, 2, '', '', 0.00, 0.00, 0.00, 0.000, 0.000, 0.000, 0.000, 0.00, 0.0, 0.00, 0.00, 0.000, 0.000, 0.000, 0.000, 0.000, 0.000, 0.000, 0.000, 0.000, 0.000, 0.000, 0.000, 0.000, 0.000, 0.000, 0.000, 0.000, 0.000, 0.000, 0.000, 0.000, 0.000, 0.000, 0.000, 0.000, 0.000, 0.000, 0.000, 0.000, 0.000, 'admin', 1652360347, '', 0),
(1946, 1, 6, 3, '', '', 0.00, 0.00, 0.00, 0.000, 0.000, 0.000, 0.000, 0.00, 0.0, 0.00, 0.00, 0.000, 0.000, 0.000, 0.000, 0.000, 0.000, 0.000, 0.000, 0.000, 0.000, 0.000, 0.000, 0.000, 0.000, 0.000, 0.000, 0.000, 0.000, 0.000, 0.000, 0.000, 0.000, 0.000, 0.000, 0.000, 0.000, 0.000, 0.000, 0.000, 0.000, 'admin', 1652360347, '', 0),
(1947, 1, 7, 2, '', '', 0.00, 0.00, 0.00, 0.000, 0.000, 0.000, 0.000, 0.00, 0.0, 0.00, 0.00, 0.000, 0.000, 0.000, 0.000, 0.000, 0.000, 0.000, 0.000, 0.000, 0.000, 0.000, 0.000, 0.000, 0.000, 0.000, 0.000, 0.000, 0.000, 0.000, 0.000, 0.000, 0.000, 0.000, 0.000, 0.000, 0.000, 0.000, 0.000, 0.000, 0.000, 'admin', 1652360347, '', 0),
(1948, 1, 8, 4, '', '', 0.00, 0.00, 0.00, 0.000, 0.000, 0.000, 0.000, 0.00, 0.0, 0.00, 0.00, 0.000, 0.000, 0.000, 0.000, 0.000, 0.000, 0.000, 0.000, 0.000, 0.000, 0.000, 0.000, 0.000, 0.000, 0.000, 0.000, 0.000, 0.000, 0.000, 0.000, 0.000, 0.000, 0.000, 0.000, 0.000, 0.000, 0.000, 0.000, 0.000, 0.000, 'admin', 1652360347, '', 0),
(1949, 1, 9, 2, '', '', 0.00, 0.00, 0.00, 0.000, 0.000, 0.000, 0.000, 0.00, 0.0, 0.00, 0.00, 0.000, 0.000, 0.000, 0.000, 0.000, 0.000, 0.000, 0.000, 0.000, 0.000, 0.000, 0.000, 0.000, 0.000, 0.000, 0.000, 0.000, 0.000, 0.000, 0.000, 0.000, 0.000, 0.000, 0.000, 0.000, 0.000, 0.000, 0.000, 0.000, 0.000, 'admin', 1652360347, '', 0),
(1950, 1, 10, 5, '', '', 0.00, 0.00, 0.00, 0.000, 0.000, 0.000, 0.000, 0.00, 0.0, 0.00, 0.00, 0.000, 0.000, 0.000, 0.000, 0.000, 0.000, 0.000, 0.000, 0.000, 0.000, 0.000, 0.000, 0.000, 0.000, 0.000, 0.000, 0.000, 0.000, 0.000, 0.000, 0.000, 0.000, 0.000, 0.000, 0.000, 0.000, 0.000, 0.000, 0.000, 0.000, 'admin', 1652360347, '', 0),
(1951, 1, 11, 5, '', '', 0.00, 0.00, 0.00, 0.000, 0.000, 0.000, 0.000, 0.00, 0.0, 0.00, 0.00, 0.000, 0.000, 0.000, 0.000, 0.000, 0.000, 0.000, 0.000, 0.000, 0.000, 0.000, 0.000, 0.000, 0.000, 0.000, 0.000, 0.000, 0.000, 0.000, 0.000, 0.000, 0.000, 0.000, 0.000, 0.000, 0.000, 0.000, 0.000, 0.000, 0.000, 'admin', 1652360347, '', 0),
(1952, 1, 12, 5, '', '', 0.00, 0.00, 0.00, 0.000, 0.000, 0.000, 0.000, 0.00, 0.0, 0.00, 0.00, 0.000, 0.000, 0.000, 0.000, 0.000, 0.000, 0.000, 0.000, 0.000, 0.000, 0.000, 0.000, 0.000, 0.000, 0.000, 0.000, 0.000, 0.000, 0.000, 0.000, 0.000, 0.000, 0.000, 0.000, 0.000, 0.000, 0.000, 0.000, 0.000, 0.000, 'admin', 1652360347, '', 0),
(1953, 1, 13, 5, '', '', 0.00, 0.00, 0.00, 0.000, 0.000, 0.000, 0.000, 0.00, 0.0, 0.00, 0.00, 0.000, 0.000, 0.000, 0.000, 0.000, 0.000, 0.000, 0.000, 0.000, 0.000, 0.000, 0.000, 0.000, 0.000, 0.000, 0.000, 0.000, 0.000, 0.000, 0.000, 0.000, 0.000, 0.000, 0.000, 0.000, 0.000, 0.000, 0.000, 0.000, 0.000, 'admin', 1652360347, '', 0),
(1954, 1, 14, 5, '', '', 0.00, 0.00, 0.00, 0.000, 0.000, 0.000, 0.000, 0.00, 0.0, 0.00, 0.00, 0.000, 0.000, 0.000, 0.000, 0.000, 0.000, 0.000, 0.000, 0.000, 0.000, 0.000, 0.000, 0.000, 0.000, 0.000, 0.000, 0.000, 0.000, 0.000, 0.000, 0.000, 0.000, 0.000, 0.000, 0.000, 0.000, 0.000, 0.000, 0.000, 0.000, 'admin', 1652360347, '', 0),
(1955, 1, 15, 5, '', '', 0.00, 0.00, 0.00, 0.000, 0.000, 0.000, 0.000, 0.00, 0.0, 0.00, 0.00, 0.000, 0.000, 0.000, 0.000, 0.000, 0.000, 0.000, 0.000, 0.000, 0.000, 0.000, 0.000, 0.000, 0.000, 0.000, 0.000, 0.000, 0.000, 0.000, 0.000, 0.000, 0.000, 0.000, 0.000, 0.000, 0.000, 0.000, 0.000, 0.000, 0.000, 'admin', 1652360347, '', 0),
(1956, 1, 16, 5, '', '', 0.00, 0.00, 0.00, 0.000, 0.000, 0.000, 0.000, 0.00, 0.0, 0.00, 0.00, 0.000, 0.000, 0.000, 0.000, 0.000, 0.000, 0.000, 0.000, 0.000, 0.000, 0.000, 0.000, 0.000, 0.000, 0.000, 0.000, 0.000, 0.000, 0.000, 0.000, 0.000, 0.000, 0.000, 0.000, 0.000, 0.000, 0.000, 0.000, 0.000, 0.000, 'admin', 1652360347, '', 0),
(1957, 1, 17, 2, '', '', 0.00, 0.00, 0.00, 0.000, 0.000, 0.000, 0.000, 0.00, 0.0, 0.00, 0.00, 0.000, 0.000, 0.000, 0.000, 0.000, 0.000, 0.000, 0.000, 0.000, 0.000, 0.000, 0.000, 0.000, 0.000, 0.000, 0.000, 0.000, 0.000, 0.000, 0.000, 0.000, 0.000, 0.000, 0.000, 0.000, 0.000, 0.000, 0.000, 0.000, 0.000, 'admin', 1652360347, '', 0);

-- --------------------------------------------------------

--
-- Struktura tabulky `calc_users_readers`
--

CREATE TABLE `calc_users_readers` (
  `id` int(11) NOT NULL,
  `user_id` int(11) NOT NULL,
  `reader_id` int(11) NOT NULL
) ENGINE=InnoDB DEFAULT CHARSET=utf8;

--
-- Vypisuji data pro tabulku `calc_users_readers`
--

INSERT INTO `calc_users_readers` (`id`, `user_id`, `reader_id`) VALUES
(29, 2, 2),
(30, 2, 3),
(44, 3, 4),
(45, 3, 8),
(46, 4, 6),
(47, 4, 7),
(48, 6, 2),
(72, 14, 2),
(73, 14, 4),
(74, 14, 5),
(75, 14, 6),
(76, 14, 7),
(77, 14, 8),
(179, 17, 2),
(180, 17, 6),
(185, 1, 2),
(186, 1, 4),
(187, 1, 5),
(188, 1, 6);

--
-- Klíče pro exportované tabulky
--

--
-- Klíče pro tabulku `calc_assays`
--
ALTER TABLE `calc_assays`
  ADD PRIMARY KEY (`id`);

--
-- Klíče pro tabulku `calc_reader`
--
ALTER TABLE `calc_reader`
  ADD PRIMARY KEY (`id`);

--
-- Klíče pro tabulku `calc_units`
--
ALTER TABLE `calc_units`
  ADD PRIMARY KEY (`id`);

--
-- Klíče pro tabulku `calc_users`
--
ALTER TABLE `calc_users`
  ADD PRIMARY KEY (`id`);

--
-- Klíče pro tabulku `calc_users_assays`
--
ALTER TABLE `calc_users_assays`
  ADD PRIMARY KEY (`id`),
  ADD KEY `user_id` (`users_id`),
  ADD KEY `assay_id` (`assays_id`),
  ADD KEY `units_id` (`units_id`);

--
-- Klíče pro tabulku `calc_users_readers`
--
ALTER TABLE `calc_users_readers`
  ADD PRIMARY KEY (`id`) USING BTREE,
  ADD KEY `user_id` (`user_id`) USING BTREE,
  ADD KEY `reader_id` (`reader_id`) USING BTREE;

--
-- AUTO_INCREMENT pro tabulky
--

--
-- AUTO_INCREMENT pro tabulku `calc_assays`
--
ALTER TABLE `calc_assays`
  MODIFY `id` int(11) NOT NULL AUTO_INCREMENT, AUTO_INCREMENT=18;

--
-- AUTO_INCREMENT pro tabulku `calc_reader`
--
ALTER TABLE `calc_reader`
  MODIFY `id` int(3) NOT NULL AUTO_INCREMENT, AUTO_INCREMENT=9;

--
-- AUTO_INCREMENT pro tabulku `calc_units`
--
ALTER TABLE `calc_units`
  MODIFY `id` int(11) NOT NULL AUTO_INCREMENT, AUTO_INCREMENT=6;

--
-- AUTO_INCREMENT pro tabulku `calc_users`
--
ALTER TABLE `calc_users`
  MODIFY `id` int(5) NOT NULL AUTO_INCREMENT COMMENT 'user ID', AUTO_INCREMENT=130;

--
-- AUTO_INCREMENT pro tabulku `calc_users_assays`
--
ALTER TABLE `calc_users_assays`
  MODIFY `id` int(11) NOT NULL AUTO_INCREMENT, AUTO_INCREMENT=1958;

--
-- AUTO_INCREMENT pro tabulku `calc_users_readers`
--
ALTER TABLE `calc_users_readers`
  MODIFY `id` int(11) NOT NULL AUTO_INCREMENT, AUTO_INCREMENT=189;

--
-- Omezení pro exportované tabulky
--

--
-- Omezení pro tabulku `calc_users_assays`
--
ALTER TABLE `calc_users_assays`
  ADD CONSTRAINT `calc_users_assays_ibfk_2` FOREIGN KEY (`assays_id`) REFERENCES `calc_assays` (`id`) ON DELETE CASCADE ON UPDATE CASCADE,
  ADD CONSTRAINT `calc_users_assays_ibfk_3` FOREIGN KEY (`units_id`) REFERENCES `calc_units` (`id`) ON DELETE CASCADE ON UPDATE CASCADE,
  ADD CONSTRAINT `calc_users_assays_ibfk_4` FOREIGN KEY (`users_id`) REFERENCES `calc_users` (`id`) ON DELETE CASCADE ON UPDATE CASCADE;

--
-- Omezení pro tabulku `calc_users_readers`
--
ALTER TABLE `calc_users_readers`
  ADD CONSTRAINT `calc_users_readers_ibfk_3` FOREIGN KEY (`reader_id`) REFERENCES `calc_reader` (`id`) ON DELETE CASCADE ON UPDATE CASCADE,
  ADD CONSTRAINT `calc_users_readers_ibfk_4` FOREIGN KEY (`user_id`) REFERENCES `calc_users` (`id`) ON DELETE CASCADE ON UPDATE CASCADE;
COMMIT;

/*!40101 SET CHARACTER_SET_CLIENT=@OLD_CHARACTER_SET_CLIENT */;
/*!40101 SET CHARACTER_SET_RESULTS=@OLD_CHARACTER_SET_RESULTS */;
/*!40101 SET COLLATION_CONNECTION=@OLD_COLLATION_CONNECTION */;
